{"aSpeed":1.0,"m":{"speed":5.5,"groundAcceleration":35.0,"directionSwitchAcceleration":40.0,"groundFriction":50.0,"jumpMode":0,"jumpVelocity":15.0,"doubleJumpVelocity":11.0,"jumpAcc":45.0,"endJumpAcc":125.0,"fallAcc":30.0,"terminalVel":30.0,"airControl":1.0,"coyoteTime":0.05000000074505806,"minJumpTime":0.05000000074505806,"maxJumpTime":0.10000000149011612,"dashVelocity":3.75,"dashCooldown":0.5,"dashFreeze":0.10000000149011612,"dashExp":2.5,"dashConstant":0.15000000596046449,"backDashVelocity":30.0,"backDashCooldown":0.10000000149011612,"backDashExp":0.05000000074505806,"airKickYVel":3.0,"airKickXVel":0.5,"airKickGrav":20.0,"kickCooldown":0.5},"camDist":0.0}
